{
                "OBJECTID": 3,
                "ACRES": 311.141471,
                "district": "Plainwell",
                "park_name": "Warren Woods State Park",
                "Shape__Area": 1259149.8968277,
                "Shape__Length": 4959.54938203082
            }
   